Day index, year, month, day, Total Agrovoltaic (MW), Total Hydro (MW), Hills Creek (MW), Foster (MW), Dexter (MW), Cougar (MW), Green Peter (MW), Foster (MW), Detroit (MW), Big Cliff (MW)
0, 2010, 1, 1, 0.0879524, 101.808, 9.63459, 13.1972, 0, 8.41008, 26.4032, 18.2742, 25.8884, 0
1, 2010, 1, 2, 0, 109.534, 9.22475, 18.4237, 9.3267, 8.07439, 12.6233, 16.4333, 23.6101, 11.8173
2, 2010, 1, 3, 0.0879524, 242.72, 18.3758, 24.7187, 13.2271, 17.4133, 69.9797, 20.2822, 67.8163, 10.9065
3, 2010, 1, 4, 0, 283.192, 24.236, 32.6015, 13.2271, 17.7394, 74.0898, 20.1108, 86.2178, 14.9694
4, 2010, 1, 5, 0, 294.183, 24.3339, 42.3571, 13.2271, 17.7095, 74.3813, 20.196, 87.0085, 14.9694
5, 2010, 1, 6, 0, 305.725, 24.3513, 53.954, 13.2271, 17.4965, 74.0745, 20.3492, 87.3027, 14.9694
6, 2010, 1, 7, 0.189037, 310.99, 24.2931, 66.0364, 13.2271, 11.8112, 73.1963, 20.3512, 87.1054, 14.9694
7, 2010, 1, 8, 0.241995, 322.178, 24.2227, 72.4002, 13.2271, 17.3404, 72.8812, 20.2873, 86.8494, 14.9694
8, 2010, 1, 9, 0.189037, 311.674, 24.2311, 60.9789, 13.2271, 17.32, 73.4422, 20.2551, 87.2498, 14.9694
9, 2010, 1, 10, 0, 311.106, 24.2568, 60.0807, 13.2271, 17.3685, 73.4092, 20.1531, 87.6418, 14.9694
10, 2010, 1, 11, 0.0879524, 302.816, 24.2546, 57.7174, 13.2271, 11.8428, 72.9697, 20.1142, 87.7207, 14.9694
11, 2010, 1, 12, 0, 299.287, 24.2441, 55.4991, 13.2271, 17.498, 66.3182, 20.074, 87.4568, 14.9694
12, 2010, 1, 13, 0, 275.063, 24.2109, 52.3412, 13.2271, 11.7427, 51.6143, 20.102, 86.8552, 14.9694
13, 2010, 1, 14, 0, 246.209, 21.5491, 48.3871, 13.2271, 11.424, 35.3932, 20.2179, 81.0411, 14.9694
14, 2010, 1, 15, 0, 198.909, 21.5258, 44.773, 13.2271, 13.514, 27.2362, 20.2858, 43.3781, 14.9694
15, 2010, 1, 16, 0, 196.294, 20.1656, 41.1984, 13.2271, 12.8137, 28.3738, 20.2527, 45.2933, 14.9694
16, 2010, 1, 17, 0, 206.281, 20.1183, 38.4046, 12.6603, 14.1842, 34.5879, 20.1916, 51.1648, 14.9694
17, 2010, 1, 18, 0, 204.864, 19.7649, 35.4204, 12.5325, 14.1509, 35.6148, 20.1528, 52.2579, 14.9694
18, 2010, 1, 19, 0, 219.731, 19.149, 34.9615, 12.2001, 11.0591, 45.1769, 20.2268, 61.9878, 14.9694
19, 2010, 1, 20, 0, 231.125, 18.5922, 34.2093, 11.9248, 11.7225, 52.3042, 20.271, 67.1315, 14.9694
20, 2010, 1, 21, 0.0879524, 236.542, 18.2152, 33.6659, 11.5089, 11.7223, 56.7616, 20.2982, 69.4006, 14.9694
21, 2010, 1, 22, 0, 228.282, 17.1399, 32.4942, 11.0593, 16.745, 51.5806, 20.2857, 64.0082, 14.9694
22, 2010, 1, 23, 0.0879524, 208.282, 15.9843, 31.1825, 10.5406, 14.7903, 43.7886, 20.2827, 56.7439, 14.9694
23, 2010, 1, 24, 0.0879524, 187.141, 14.8197, 29.6139, 9.94611, 12.8563, 35.5811, 20.2991, 49.0554, 14.9694
24, 2010, 1, 25, 0.189037, 166.75, 13.5752, 27.8079, 9.50957, 11.0578, 27.759, 20.263, 41.8078, 14.9694
25, 2010, 1, 26, 0, 153.358, 12.3867, 26.4205, 8.83237, 9.91998, 24.4866, 20.2027, 37.0414, 14.0683
26, 2010, 1, 27, 0.0916918, 138.893, 11.1811, 24.4233, 8.91468, 8.99606, 20.8096, 18.4266, 33.3104, 12.831
27, 2010, 1, 28, 0.191393, 144.096, 11.5331, 24.7718, 8.65406, 9.11219, 24.6917, 17.3646, 36.4754, 11.4929
28, 2010, 1, 29, 0, 145.456, 12.3836, 24.0544, 8.35718, 8.85905, 26.5134, 16.1288, 37.1966, 11.9629
29, 2010, 1, 30, 0.0879524, 153.29, 14.2583, 23.363, 8.04773, 10.2422, 28.9036, 16.6593, 39.7602, 12.0556
30, 2010, 1, 31, 0.0879524, 151.512, 14.8511, 22.5011, 7.78879, 10.3723, 28.1165, 17.2529, 38.0497, 12.5797
31, 2010, 2, 1, 0, 144.643, 14.8124, 21.8085, 7.76225, 10.1412, 25.6623, 17.6023, 34.5074, 12.3462
32, 2010, 2, 2, 0.101771, 96.7578, 4.90683, 16.1357, 8.02811, 6.32756, 12.2611, 17.3491, 20.3016, 11.4479
33, 2010, 2, 3, 0.0879524, 88.1473, 4.93373, 11.3626, 7.82038, 6.35442, 12.2988, 16.9665, 20.3556, 8.05535
34, 2010, 2, 4, 0.012881, 82.3348, 4.95985, 10.8766, 7.76383, 5.84689, 12.3295, 13.1997, 20.3988, 6.95959
35, 2010, 2, 5, 0.0879524, 80.242, 4.98419, 10.9763, 7.09143, 5.86803, 12.3619, 11.8134, 20.4407, 6.70603
36, 2010, 2, 6, 0, 79.1222, 5.00698, 11.0546, 6.50746, 5.8904, 12.3899, 10.8136, 20.4798, 6.97952
37, 2010, 2, 7, 0.0879524, 79.2401, 5.0274, 11.1185, 6.02075, 5.91385, 12.4287, 11.3069, 20.5395, 6.88448
38, 2010, 2, 8, 0, 79.1463, 5.04674, 11.1707, 5.55157, 5.93517, 12.4765, 11.5333, 20.6083, 6.82408
39, 2010, 2, 9, 0, 77.6298, 5.06547, 11.2116, 5.31569, 5.95998, 12.5324, 10.0739, 20.6732, 6.79757
40, 2010, 2, 10, 0.0879524, 77.632, 5.08324, 11.2476, 5.09833, 5.98141, 12.5788, 10.2115, 20.7302, 6.70089
41, 2010, 2, 11, 0.189037, 77.2359, 5.10022, 11.279, 4.87364, 6.00159, 12.6172, 9.93611, 20.7829, 6.64524
42, 2010, 2, 12, 0, 76.2901, 5.11564, 11.3048, 4.6383, 6.02025, 12.6473, 9.14587, 20.8277, 6.59025
43, 2010, 2, 13, 0, 75.1404, 5.13033, 11.3245, 4.52762, 6.03982, 12.6591, 7.9942, 20.86, 6.60488
44, 2010, 2, 14, 0, 76.0678, 5.14458, 11.3417, 4.57431, 6.05646, 12.6695, 8.44448, 20.8831, 6.95375
45, 2010, 2, 15, 0, 77.6956, 5.15789, 11.36, 4.70929, 6.07407, 12.6898, 9.65625, 20.9265, 7.12175
46, 2010, 2, 16, 0, 78.7665, 5.17106, 11.3825, 4.75648, 6.09676, 12.7257, 10.6808, 20.9996, 6.95353
47, 2010, 2, 17, 0, 79.1493, 5.1842, 11.4051, 4.87693, 6.12077, 12.7681, 10.7, 21.0756, 7.01861
48, 2010, 2, 18, 0, 79.9191, 5.19905, 11.4309, 5.05616, 6.15079, 12.8207, 11.197, 21.1686, 6.89571
49, 2010, 2, 19, 0.0879524, 80.911, 5.21555, 11.4615, 5.08399, 6.18161, 12.8777, 11.9396, 21.2601, 6.89092
50, 2010, 2, 20, 0.0879524, 80.6818, 5.23222, 11.4925, 4.98402, 6.21463, 12.9326, 11.7404, 21.3487, 6.73679
51, 2010, 2, 21, 0.101771, 79.6467, 5.24958, 11.5207, 4.84837, 6.24404, 12.9757, 10.7306, 21.4304, 6.64725
52, 2010, 2, 22, 0.189037, 78.5167, 5.26715, 11.5455, 4.69659, 6.26661, 13.0057, 9.65355, 21.5066, 6.57497
53, 2010, 2, 23, 0.0879524, 78.5799, 5.28438, 11.5664, 4.54058, 6.28487, 13.0171, 9.77767, 21.5727, 6.53631
54, 2010, 2, 24, 0, 75.8434, 5.30063, 11.5835, 4.40244, 6.30144, 13.0053, 7.10835, 21.6239, 6.51781
55, 2010, 2, 25, 0, 74.9811, 5.31551, 11.5974, 4.28245, 6.31367, 12.9823, 6.32249, 21.6619, 6.50531
56, 2010, 2, 26, 0, 75.1375, 5.32867, 11.6085, 4.55517, 6.32127, 12.9559, 6.08665, 21.686, 6.5954
57, 2010, 2, 27, 0, 76.7537, 5.34037, 11.6258, 4.77788, 6.33083, 12.9361, 7.17595, 21.7036, 6.86316
58, 2010, 2, 28, 0, 78.801, 5.35147, 11.6491, 4.87442, 6.34869, 12.9335, 9.0734, 21.7411, 6.82939
59, 2010, 3, 1, 0, 80.2641, 5.36228, 11.6752, 4.99369, 6.36779, 12.9393, 10.0277, 21.8007, 7.09748
60, 2010, 3, 2, 0, 79.7785, 5.37291, 11.7041, 4.9355, 6.39259, 12.9575, 9.69815, 21.8816, 6.83616
61, 2010, 3, 3, 0, 79.8794, 5.38405, 11.7313, 4.81992, 6.41875, 12.9822, 9.8895, 21.953, 6.70069
62, 2010, 3, 4, 0, 79.4268, 5.39605, 11.7548, 4.67469, 6.44301, 13.0071, 9.51102, 22.0191, 6.62107
63, 2010, 3, 5, 0, 78.874, 5.40871, 11.7743, 4.59335, 6.46208, 13.0266, 8.9349, 22.0749, 6.59908
64, 2010, 3, 6, 0, 78.7106, 5.42137, 11.7918, 4.61462, 6.48156, 13.0423, 8.64268, 22.1258, 6.59051
65, 2010, 3, 7, 0, 78.5135, 5.4335, 11.8096, 4.49786, 6.50124, 13.0534, 8.45809, 22.1771, 6.58274
66, 2010, 3, 8, 0, 78.0149, 5.44548, 11.8249, 4.38779, 6.52037, 13.0588, 7.97191, 22.2306, 6.57505
67, 2010, 3, 9, 0.337983, 79.0314, 5.4572, 11.8379, 4.29987, 6.53731, 13.0583, 8.99338, 22.2851, 6.56227
68, 2010, 3, 10, 0.344536, 78.6913, 5.46841, 11.8491, 4.38475, 6.55233, 13.0531, 8.48023, 22.333, 6.57037
69, 2010, 3, 11, 0.189037, 78.501, 5.47959, 11.8621, 4.32932, 6.56743, 13.045, 8.28284, 22.3725, 6.56221
70, 2010, 3, 12, 0.00349784, 78.304, 5.49343, 11.874, 4.30999, 6.58039, 13.0351, 8.05433, 22.4033, 6.55348
71, 2010, 3, 13, 0.1036, 78.0333, 5.50609, 11.8852, 4.24387, 6.58954, 13.0232, 7.81143, 22.4256, 6.54832
72, 2010, 3, 14, 0.223134, 78.242, 5.51684, 11.8949, 4.35213, 6.59516, 13.0101, 7.64403, 22.441, 6.78788
73, 2010, 3, 15, 0.0879524, 79.3962, 5.52392, 11.9069, 4.68941, 6.59809, 13.0019, 8.1935, 22.4639, 7.01854
74, 2010, 3, 16, 0, 80.7181, 5.53102, 11.926, 4.60189, 6.60311, 13.0078, 9.61576, 22.4961, 6.93646
75, 2010, 3, 17, 0, 86.6558, 5.53801, 11.9438, 4.59114, 6.60916, 14.6091, 8.73145, 27.8362, 6.79683
76, 2010, 3, 18, 0, 87.2379, 5.5451, 11.9616, 4.48758, 6.61607, 13.8622, 9.01218, 27.8487, 7.90446
77, 2010, 3, 19, 0, 87.7524, 5.55227, 11.9769, 4.37162, 6.62425, 14.001, 9.14389, 27.8538, 8.22863
78, 2010, 3, 20, 0, 88.0763, 5.55966, 11.9893, 4.22518, 6.6373, 14.6028, 9.01877, 27.8528, 8.1904
79, 2010, 3, 21, 0, 88.0968, 5.56767, 11.9983, 4.08521, 6.65218, 15.0323, 8.78856, 27.8486, 8.12386
80, 2010, 3, 22, 0, 87.9379, 5.57652, 12.004, 3.96934, 6.66751, 15.3489, 8.45434, 27.8438, 8.07353
81, 2010, 3, 23, 0.0879524, 87.9252, 5.58594, 12.0072, 3.90425, 6.68287, 15.6749, 8.18728, 27.8391, 8.04366
82, 2010, 3, 24, 0, 87.3699, 5.59601, 12.0091, 4.04714, 6.69731, 15.1609, 7.91883, 27.8333, 8.10731
83, 2010, 3, 25, 0, 88.7057, 5.60684, 12.015, 4.14699, 6.71409, 15.5728, 8.68986, 27.8337, 8.12634
84, 2010, 3, 26, 0.012881, 89.1441, 5.61863, 12.0237, 4.2381, 6.73163, 16.0413, 8.51395, 27.8411, 8.1358
85, 2010, 3, 27, 0.0879524, 88.7533, 5.63087, 12.0349, 4.55623, 6.74732, 15.4577, 8.29486, 27.8532, 8.17821
86, 2010, 3, 28, 0, 87.4904, 5.64355, 12.0535, 4.97176, 6.7649, 13.1631, 8.66577, 27.8694, 8.35848
87, 2010, 3, 29, 0, 89.6063, 5.6566, 12.0826, 5.43084, 6.78649, 13.0024, 10.3295, 27.8996, 8.41844
88, 2010, 3, 30, 0.101771, 95.138, 5.66949, 12.122, 5.61724, 6.80871, 13.0337, 15.5662, 27.9364, 8.38441
89, 2010, 3, 31, 0.134409, 96.5575, 5.68207, 12.1659, 6.35739, 6.8343, 13.0321, 15.0302, 27.973, 9.48262
90, 2010, 4, 1, 0.1036, 101.657, 5.69673, 12.2248, 7.38213, 6.8809, 13.0867, 18.793, 28.1057, 9.48654
91, 2010, 4, 2, 0.1036, 105.396, 5.71694, 12.3152, 7.80076, 6.96013, 13.1997, 20.1187, 30.3561, 8.92848
92, 2010, 4, 3, 0.221638, 106.153, 5.74206, 12.4272, 8.01702, 7.02949, 13.3237, 20.088, 30.5821, 8.94378
93, 2010, 4, 4, 0.166998, 106.963, 5.76874, 12.5235, 8.3177, 7.08656, 13.4431, 20.0311, 30.7785, 9.01365
94, 2010, 4, 5, 0.1036, 108.424, 5.7943, 12.6234, 8.80131, 7.13848, 13.5439, 20.0905, 30.9406, 9.49129
95, 2010, 4, 6, 0.113632, 108.218, 5.82042, 12.7304, 8.51758, 7.18016, 13.6407, 20.1146, 31.099, 9.11557
96, 2010, 4, 7, 0.0916918, 108.374, 5.84448, 12.8304, 8.29819, 7.21377, 13.7292, 20.1771, 31.2076, 9.07281
97, 2010, 4, 8, 0, 108.645, 5.86728, 12.9248, 8.02195, 7.23852, 13.8109, 20.2223, 31.2929, 9.26624
98, 2010, 4, 9, 0.308676, 107.861, 5.88816, 13.0093, 7.48574, 7.26336, 13.8719, 19.6938, 31.3797, 9.26931
99, 2010, 4, 10, 0.199482, 106.729, 5.90599, 13.0823, 7.11447, 7.28214, 13.9288, 18.5013, 31.4494, 9.46506
100, 2010, 4, 11, 0.0879524, 106.219, 5.92234, 13.1479, 6.62794, 7.30041, 13.9793, 18.1746, 31.4959, 9.57036
101, 2010, 4, 12, 0, 104.384, 5.9373, 13.2037, 6.10836, 7.32306, 14.0243, 17.2138, 31.5324, 9.04066
102, 2010, 4, 13, 0, 102.798, 5.95087, 13.2488, 6.04601, 7.34118, 14.0603, 15.6761, 31.5536, 8.9215
103, 2010, 4, 14, 0, 102.376, 5.96379, 13.2918, 5.69343, 7.35826, 14.092, 15.0332, 31.562, 9.38108
104, 2010, 4, 15, 0, 101.393, 5.97623, 13.327, 5.38486, 7.38131, 14.1248, 14.381, 31.5658, 9.25216
105, 2010, 4, 16, 0, 101.592, 5.98896, 13.3562, 5.18113, 7.40727, 14.1608, 14.6917, 31.5792, 9.22659
106, 2010, 4, 17, 0, 100.632, 6.00321, 13.3819, 5.426, 7.4425, 14.2041, 12.872, 31.6168, 9.6854
107, 2010, 4, 18, 0, 103.209, 6.02159, 13.4149, 5.59139, 7.49324, 14.2747, 15.5699, 31.7244, 9.11854
108, 2010, 4, 19, 0, 103.33, 6.04264, 13.4521, 5.76362, 7.55129, 14.3523, 15.4852, 31.8538, 8.82884
109, 2010, 4, 20, 0, 102.56, 6.06456, 13.4929, 5.92441, 7.6082, 14.4246, 14.4037, 31.9844, 8.65749
110, 2010, 4, 21, 0, 101.395, 6.08823, 13.5371, 6.07611, 7.66049, 14.4856, 12.8305, 32.1049, 8.61176
111, 2010, 4, 22, 0.101771, 100.258, 6.11683, 13.5842, 6.28193, 7.70951, 14.5307, 11.2246, 32.2182, 8.59229
112, 2010, 4, 23, 0, 99.814, 6.14563, 13.6353, 6.97618, 7.75205, 14.5616, 9.74789, 32.3279, 8.66743
113, 2010, 4, 24, 0, 101.473, 6.1686, 13.6993, 7.37809, 7.79773, 14.5885, 10.6966, 32.4456, 8.69895
114, 2010, 4, 25, 0, 102.352, 6.19272, 13.7714, 7.77458, 7.8439, 14.6094, 10.8956, 32.5601, 8.70438
115, 2010, 4, 26, 0, 102.649, 6.21547, 13.8514, 8.137, 7.88425, 14.6223, 10.5494, 32.6712, 8.71838
116, 2010, 4, 27, 0, 102.84, 6.23698, 13.938, 8.28001, 7.92437, 14.6298, 10.34, 32.7647, 8.72613
117, 2010, 4, 28, 0, 103.576, 6.25691, 14.026, 8.19149, 7.95948, 15.6071, 10.006, 32.834, 8.69531
118, 2010, 4, 29, 0, 103.022, 6.27504, 14.1085, 8.70014, 7.98986, 14.6313, 9.40099, 32.8811, 9.03513
119, 2010, 4, 30, 0.0879524, 105.076, 6.29254, 14.2026, 8.99759, 8.02214, 14.6358, 10.5389, 32.9225, 9.46357
120, 2010, 5, 1, 0, 107.455, 6.31103, 14.3279, 9.2113, 8.06223, 14.6586, 12.6896, 32.9936, 9.20095
121, 2010, 5, 2, 0, 109.526, 6.33126, 14.427, 9.48854, 8.10592, 14.6927, 13.9935, 33.0752, 9.41194
122, 2010, 5, 3, 0, 110.576, 6.35285, 14.5332, 9.63605, 8.15252, 14.7332, 14.7117, 33.1689, 9.28784
123, 2010, 5, 4, 0.0916918, 110.62, 6.37506, 14.6418, 9.64688, 8.2043, 14.7756, 14.4407, 33.263, 9.2732
124, 2010, 5, 5, 0.101771, 110.407, 6.3985, 14.7498, 9.51544, 8.24939, 14.8192, 14.3466, 33.3539, 8.97418
125, 2010, 5, 6, 0.1036, 111.057, 6.41987, 14.8505, 9.39736, 8.29247, 14.8616, 14.432, 33.4277, 9.37538
126, 2010, 5, 7, 0, 111.512, 6.44147, 14.9506, 8.99881, 8.33558, 14.909, 15.3575, 33.508, 9.01088
127, 2010, 5, 8, 0, 110.858, 6.4621, 15.0404, 8.55429, 8.37402, 14.9506, 14.791, 33.5675, 9.118
128, 2010, 5, 9, 0, 109.526, 6.48101, 15.1221, 8.01624, 8.40772, 14.9954, 13.9336, 33.6173, 8.95246
129, 2010, 5, 10, 0, 107.839, 6.49831, 15.1941, 7.46611, 8.43598, 15.0351, 12.6146, 33.6524, 8.94223
130, 2010, 5, 11, 0, 105.968, 6.51399, 15.2551, 6.93053, 8.46012, 15.0589, 11.2797, 33.6729, 8.7963
131, 2010, 5, 12, 0, 104.774, 6.52811, 15.3062, 6.54249, 8.481, 15.0723, 10.1448, 33.6808, 9.01833
132, 2010, 5, 13, 0, 104.718, 6.54217, 15.3523, 6.57333, 8.5011, 15.0845, 9.88761, 33.6877, 9.08955
133, 2010, 5, 14, 0, 105.132, 6.55851, 15.3995, 6.50768, 8.52782, 15.1008, 10.4721, 33.7028, 8.86259
134, 2010, 5, 15, 0, 105.495, 6.57619, 15.4457, 6.62803, 8.55729, 15.1166, 10.7006, 33.7248, 8.74605
135, 2010, 5, 16, 0, 105.591, 6.59473, 15.495, 6.87762, 8.58525, 15.1284, 10.4849, 33.7499, 8.67543
136, 2010, 5, 17, 0, 102.28, 6.61297, 15.5493, 7.13977, 8.6131, 15.1348, 6.83306, 33.7743, 8.62276
137, 2010, 5, 18, 0, 101.231, 6.63022, 15.6081, 7.34008, 8.63792, 15.1352, 5.487, 33.7951, 8.59689
138, 2010, 5, 19, 0, 100.167, 6.64722, 15.67, 7.55685, 8.65953, 15.1281, 4.09976, 33.8136, 8.59141
139, 2010, 5, 20, 0, 100.179, 6.66357, 15.7331, 7.86632, 8.6803, 15.1111, 3.62002, 33.8347, 8.67029
140, 2010, 5, 21, 0, 101.292, 6.67977, 15.8019, 8.32059, 8.70139, 15.0966, 3.92225, 33.871, 8.89903
141, 2010, 5, 22, 0, 103.196, 6.69787, 15.8785, 9.00643, 8.72582, 15.0864, 4.43337, 33.9351, 9.4326
142, 2010, 5, 23, 0, 105.801, 6.72059, 15.9668, 9.713, 8.76174, 15.0891, 6.26079, 34.036, 9.25308
143, 2010, 5, 24, 0, 108.161, 6.75445, 16.0671, 10.4083, 8.80715, 15.1047, 7.76624, 34.1352, 9.11745
144, 2010, 5, 25, 0, 110.773, 6.78345, 16.1962, 10.7471, 8.84132, 15.1321, 9.85329, 34.2302, 8.98987
145, 2010, 5, 26, 0, 111.146, 6.81141, 16.3203, 10.6585, 8.87401, 15.1616, 10.0069, 34.3126, 9.00028
146, 2010, 5, 27, 0, 110.089, 6.83791, 16.4307, 10.2508, 8.90042, 15.1883, 9.27669, 34.3761, 8.82806
147, 2010, 5, 28, 0, 108.839, 6.86177, 16.5333, 9.87634, 8.92313, 15.2097, 8.1696, 34.4168, 8.84881
148, 2010, 5, 29, 0, 108.399, 6.88283, 16.6273, 9.38567, 8.94328, 15.228, 7.90054, 34.4396, 8.99178
149, 2010, 5, 30, 0, 107.789, 6.90221, 16.7108, 8.65199, 8.96334, 15.2476, 7.8977, 34.4554, 8.95953
150, 2010, 5, 31, 0, 108.011, 6.91987, 16.7832, 7.90023, 8.98268, 15.2702, 8.78343, 34.4711, 8.90069
151, 2010, 6, 1, 0, 107.746, 6.93684, 16.8443, 7.27744, 9.00098, 15.2904, 9.11518, 34.4891, 8.79167
152, 2010, 6, 2, 0, 105.025, 6.95403, 16.8962, 6.90218, 9.01771, 15.3054, 13.6025, 27.6061, 8.74038
153, 2010, 6, 3, 0, 103.43, 6.97051, 16.9427, 6.82365, 9.03272, 15.3159, 12.9637, 27.6428, 7.73768
154, 2010, 6, 4, 0, 103.414, 6.98653, 16.9884, 6.9435, 9.04732, 15.3255, 12.9221, 27.6798, 7.52049
155, 2010, 6, 5, 0, 108.09, 7.00318, 17.0362, 7.92799, 9.06438, 15.3393, 14.632, 27.723, 9.36415
156, 2010, 6, 6, 0, 115.748, 7.03403, 17.1007, 10.195, 9.1181, 15.4053, 20.4943, 27.8563, 8.54459
157, 2010, 6, 7, 0, 118.477, 7.08761, 17.2028, 12.3522, 9.21658, 15.5258, 20.5261, 28.0546, 8.51155
158, 2010, 6, 8, 0, 119.201, 7.16074, 17.341, 13.2271, 9.32888, 15.6721, 20.5536, 28.3027, 7.61457
159, 2010, 6, 9, 0, 120.182, 7.23578, 17.507, 13.2271, 9.43841, 15.8052, 20.5436, 28.5372, 7.88756
160, 2010, 6, 10, 0, 120.347, 7.30657, 17.6934, 13.2271, 9.52375, 15.9244, 20.5308, 28.7586, 7.38249
161, 2010, 6, 11, 0, 120.749, 7.37741, 17.881, 13.2271, 9.588, 16.0161, 20.5141, 28.9436, 7.20154
162, 2010, 6, 12, 0, 122.176, 7.42943, 18.0628, 13.2271, 9.63675, 16.0867, 20.5018, 29.0992, 8.13249
163, 2010, 6, 13, 0, 122.532, 7.47622, 18.2518, 13.2271, 9.68009, 16.1527, 20.4952, 29.2826, 7.96626
164, 2010, 6, 14, 0, 122.375, 7.52087, 18.4032, 13.1947, 9.7173, 16.2145, 20.4911, 29.4266, 7.40663
165, 2010, 6, 15, 0, 119.736, 7.56153, 18.5318, 11.7865, 9.74811, 16.2734, 19.2048, 29.5408, 7.08908
166, 2010, 6, 16, 0, 116.053, 7.5974, 18.6397, 10.4163, 9.77275, 16.3226, 16.7176, 29.627, 6.95967
167, 2010, 6, 17, 0, 112.496, 7.62749, 18.7282, 9.12141, 9.79105, 16.3456, 14.2703, 29.6884, 6.92356
168, 2010, 6, 18, 0, 109.22, 7.65177, 18.7985, 7.97535, 9.8039, 16.3553, 11.9583, 29.7315, 6.94554
169, 2010, 6, 19, 0, 107.141, 7.67147, 18.853, 7.08054, 9.81238, 16.3562, 10.5214, 29.7642, 7.08195
170, 2010, 6, 20, 0, 114.3, 15.6589, 18.8953, 6.26216, 9.81876, 16.3553, 10.4713, 29.7931, 7.04474
171, 2010, 6, 21, 0, 120.702, 22.6898, 18.9266, 5.64294, 9.82494, 16.3535, 10.4335, 29.8179, 7.01303
172, 2010, 6, 22, 0, 124.068, 21.206, 24.1781, 5.32837, 9.83115, 16.3509, 10.3481, 29.8373, 6.98811
173, 2010, 6, 23, 0, 124.409, 19.7344, 26.1184, 5.25461, 9.83729, 16.3475, 10.2853, 29.8503, 6.98152
174, 2010, 6, 24, 0, 123.27, 18.3545, 26.1966, 5.28448, 9.84234, 16.3442, 10.4288, 29.858, 6.96136
175, 2010, 6, 25, 0, 121.899, 16.9666, 26.4827, 5.25461, 9.84401, 16.3393, 10.2112, 29.8603, 6.94007
176, 2010, 6, 26, 0, 120.936, 15.7102, 26.203, 5.10643, 9.84337, 17.5118, 9.78622, 29.8559, 6.91857
177, 2010, 6, 27, 0, 118.264, 14.7559, 25.257, 4.8651, 9.84154, 18.2734, 8.52818, 29.8458, 6.89689
178, 2010, 6, 28, 0, 114.687, 14.03, 23.8955, 4.58164, 9.83887, 17.8431, 7.78036, 29.8322, 6.88532
179, 2010, 6, 29, 0, 112.343, 13.5031, 22.4046, 4.29952, 9.83532, 17.8367, 7.76835, 29.8176, 6.87761
180, 2010, 6, 30, 0, 110.412, 13.1303, 20.9954, 4.04454, 9.83114, 17.9883, 7.74755, 29.8025, 6.87198
181, 2010, 7, 1, 0, 108.62, 12.8428, 19.7589, 3.82693, 9.82654, 18.0426, 7.66804, 29.7864, 6.86772
182, 2010, 7, 2, 0, 105.378, 12.5582, 18.9347, 3.64571, 9.82158, 16.1701, 7.6147, 29.7685, 6.86446
183, 2010, 7, 3, 0, 104.785, 12.1997, 18.9318, 3.49519, 9.81635, 16.1479, 7.58351, 29.7488, 6.86194
184, 2010, 7, 4, 0, 103.579, 11.5196, 18.9268, 3.38504, 9.8109, 16.1255, 7.19355, 29.726, 6.89125
185, 2010, 7, 5, 0, 101.975, 10.1768, 18.9203, 3.27445, 9.80558, 16.1031, 7.07806, 29.7013, 6.91534
186, 2010, 7, 6, 0, 100.509, 8.86856, 18.9124, 3.10326, 9.80062, 16.0812, 7.14999, 29.6771, 6.91578
187, 2010, 7, 7, 0, 100.116, 8.85173, 18.9016, 2.80289, 9.796, 16.0597, 7.14446, 29.6522, 6.90769
188, 2010, 7, 8, 0, 99.9201, 8.8147, 18.887, 2.7275, 9.79162, 16.0385, 7.13777, 29.6255, 6.89746
189, 2010, 7, 9, 0, 99.7576, 8.73495, 18.8719, 2.72738, 9.78737, 16.0175, 7.13292, 29.5978, 6.88779
190, 2010, 7, 10, 0, 99.4585, 8.52469, 18.8568, 2.72852, 9.7831, 15.9967, 7.12026, 29.5689, 6.8796
191, 2010, 7, 11, 0, 99.1163, 8.28596, 18.8417, 2.72858, 9.77871, 15.9758, 7.09398, 29.5386, 6.87299
192, 2010, 7, 12, 0, 98.8605, 8.20053, 18.8266, 2.67413, 9.77413, 15.9547, 7.05502, 29.5076, 6.86778
193, 2010, 7, 13, 0, 98.5749, 8.08687, 18.8107, 2.63551, 9.7693, 15.9331, 6.99975, 29.4762, 6.86345
194, 2010, 7, 14, 0, 98.1525, 7.87665, 18.7943, 2.59977, 9.76418, 15.9107, 6.90279, 29.4444, 6.85974
195, 2010, 7, 15, 0, 97.7015, 7.66618, 18.7774, 2.54515, 9.75877, 15.8878, 6.79851, 29.4113, 6.85638
196, 2010, 7, 16, 0, 95.6421, 7.54684, 18.7597, 2.48569, 9.75263, 15.8635, 6.63586, 27.7434, 6.85451
197, 2010, 7, 17, 0, 95.055, 7.37911, 18.7412, 2.42597, 9.74628, 15.8389, 6.61423, 27.7123, 6.59697
198, 2010, 7, 18, 0, 95.1049, 7.24554, 18.8981, 2.34682, 10.0233, 15.8145, 6.59583, 27.6808, 6.50004
199, 2010, 7, 19, 0, 95.2721, 7.16608, 19.0419, 2.28399, 10.2814, 15.7906, 6.5802, 27.6491, 6.47894
200, 2010, 7, 20, 0, 95.3528, 7.12337, 19.1127, 2.26759, 10.4239, 15.7665, 6.56642, 27.6173, 6.47506
201, 2010, 7, 21, 0, 95.3539, 7.08636, 19.1499, 2.25829, 10.5127, 15.7417, 6.55445, 27.5764, 6.47404
202, 2010, 7, 22, 0, 95.4026, 7.05504, 19.2022, 2.25031, 10.6263, 15.7167, 6.54387, 27.5347, 6.47346
203, 2010, 7, 23, 0, 95.4272, 7.02968, 19.2421, 2.24352, 10.72, 15.6913, 6.53422, 27.4935, 6.47297
204, 2010, 7, 24, 0, 95.3287, 7.00405, 19.231, 2.23791, 10.7319, 15.6654, 6.52548, 27.4604, 6.47253
205, 2010, 7, 25, 0, 95.2407, 6.98128, 19.2225, 2.23242, 10.7482, 15.6396, 6.51722, 27.4273, 6.47211
206, 2010, 7, 26, 0, 95.1476, 6.9585, 19.2117, 2.22742, 10.7607, 15.6144, 6.5094, 27.3936, 6.47172
207, 2010, 7, 27, 0, 95.0306, 6.93857, 19.1921, 2.21853, 10.7593, 15.5892, 6.50227, 27.3591, 6.47135
208, 2010, 7, 28, 0, 94.9152, 6.92149, 19.1711, 2.21138, 10.7558, 15.564, 6.49582, 27.3246, 6.471
209, 2010, 7, 29, 0, 94.804, 6.90467, 19.1501, 2.20664, 10.7524, 15.5387, 6.48986, 27.2909, 6.47065
210, 2010, 7, 30, 0, 94.6997, 6.88759, 19.1314, 2.20304, 10.7527, 15.5131, 6.48413, 27.2575, 6.47031
211, 2010, 7, 31, 0, 94.6012, 6.8705, 19.1146, 2.19948, 10.757, 15.4869, 6.47883, 27.224, 6.46998
212, 2010, 8, 1, 0, 94.495, 6.85627, 19.0935, 2.19598, 10.7548, 15.4607, 6.47377, 27.1904, 6.46965
213, 2010, 8, 2, 0, 97.4182, 6.84203, 20.2294, 2.19344, 12.6235, 15.4344, 6.46918, 27.1568, 6.46933
214, 2010, 8, 3, 0, 97.299, 6.83349, 20.2001, 2.19124, 12.6098, 15.4082, 6.46459, 27.1226, 6.46901
215, 2010, 8, 4, 0, 97.1794, 6.8278, 20.1693, 2.19032, 12.5936, 15.3819, 6.46022, 27.0876, 6.4687
216, 2010, 8, 5, 0, 97.0574, 6.82211, 20.1372, 2.19002, 12.5755, 15.3555, 6.45607, 27.0526, 6.46839
217, 2010, 8, 6, 0, 96.9269, 6.81641, 20.1019, 2.18958, 12.552, 15.3292, 6.45216, 27.0175, 6.46808
218, 2010, 8, 7, 0, 96.7713, 6.80502, 20.0593, 2.18872, 12.5167, 15.3028, 6.4485, 26.9824, 6.46777
219, 2010, 8, 8, 0, 96.5775, 6.78794, 20.005, 2.18629, 12.4624, 15.2764, 6.44481, 26.9472, 6.46747
220, 2010, 8, 9, 0, 96.3444, 6.77371, 19.9354, 2.18142, 12.3833, 15.25, 6.44137, 26.912, 6.46717
221, 2010, 8, 10, 0, 96.0381, 6.75119, 19.837, 2.1706, 12.274, 15.2236, 6.43814, 26.8767, 6.46687
222, 2010, 8, 11, 0, 95.6999, 6.73126, 19.7252, 2.15994, 12.1435, 15.1971, 6.43495, 26.8414, 6.46658
223, 2010, 8, 12, 0, 95.3542, 6.71418, 19.6078, 2.15486, 12.0025, 15.1706, 6.43194, 26.806, 6.46628
224, 2010, 8, 13, 0, 95.0234, 6.69995, 19.5002, 2.15043, 11.8636, 15.1434, 6.42918, 26.7706, 6.46598
225, 2010, 8, 14, 0, 94.7175, 6.68572, 19.4025, 2.14652, 11.7392, 15.116, 6.42667, 26.7351, 6.46569
226, 2010, 8, 15, 0, 94.4474, 6.67148, 19.3182, 2.14265, 11.6366, 15.0891, 6.42437, 26.6996, 6.4654
227, 2010, 8, 16, 0, 94.2184, 6.6601, 19.2496, 2.13883, 11.5565, 15.0625, 6.42161, 26.664, 6.46511
228, 2010, 8, 17, 0, 94.0287, 6.64871, 19.1974, 2.13549, 11.5023, 15.0325, 6.41908, 26.6284, 6.46482
229, 2010, 8, 18, 0, 93.8734, 6.63732, 19.1604, 2.13217, 11.4739, 14.9958, 6.41656, 26.5926, 6.46454
230, 2010, 8, 19, 0, 93.7522, 6.62334, 19.1364, 2.12887, 11.4691, 14.9606, 6.41402, 26.5555, 6.46425
231, 2010, 8, 20, 0, 93.6725, 6.61196, 19.1227, 2.12946, 11.4812, 14.9331, 6.41173, 26.5184, 6.46399
232, 2010, 8, 21, 0, 93.6384, 6.62334, 19.1165, 2.13019, 11.5068, 14.9056, 6.41012, 26.4822, 6.46371
233, 2010, 8, 22, 0, 93.6187, 6.63732, 19.1151, 2.13113, 11.5403, 14.877, 6.40806, 26.4464, 6.46342
234, 2010, 8, 23, 0, 93.607, 6.6544, 19.116, 2.13244, 11.5766, 14.8485, 6.40575, 26.4103, 6.46314
235, 2010, 8, 24, 0, 93.5961, 6.67148, 19.1172, 2.13437, 11.6127, 14.8208, 6.40369, 26.373, 6.46286
236, 2010, 8, 25, 0, 93.5791, 6.68572, 19.1165, 2.13699, 11.6469, 14.7932, 6.40162, 26.3356, 6.46258
237, 2010, 8, 26, 0, 93.5462, 6.69141, 19.1128, 2.14017, 11.6766, 14.7648, 6.39979, 26.2982, 6.4623
238, 2010, 8, 27, 0, 93.4962, 6.69141, 19.105, 2.14352, 11.6993, 14.7362, 6.39796, 26.2607, 6.46203
239, 2010, 8, 28, 0, 93.4225, 6.68287, 19.0921, 2.14648, 11.7124, 14.7076, 6.3961, 26.2232, 6.46176
240, 2010, 8, 29, 0, 93.3273, 6.66863, 19.0736, 2.14849, 11.7163, 14.6789, 6.39427, 26.1856, 6.46149
241, 2010, 8, 30, 0, 93.2086, 6.64586, 19.0494, 2.14906, 11.7124, 14.6502, 6.39244, 26.148, 6.46122
242, 2010, 8, 31, 0, 93.035, 6.58349, 19.0199, 2.14759, 11.6999, 14.6215, 6.39129, 26.1104, 6.46095
243, 2010, 9, 1, 0, 92.7701, 6.51517, 18.9592, 2.14428, 11.6351, 14.5928, 6.39015, 26.0726, 6.46069
244, 2010, 9, 2, 0, 112.172, 6.50378, 18.8375, 2.13951, 11.4707, 25.9105, 6.39105, 34.4568, 6.46194
245, 2010, 9, 3, 0, 125.534, 24.7023, 18.6697, 2.1311, 11.2318, 20.1371, 6.39359, 34.3683, 7.8999
246, 2010, 9, 4, 0, 125.65, 23.7732, 18.4698, 2.26879, 10.9418, 19.0935, 8.39697, 34.28, 8.42556
247, 2010, 9, 5, 0, 126.366, 22.8447, 18.2679, 2.78897, 10.6432, 20.0393, 9.05893, 34.1947, 8.52853
248, 2010, 9, 6, 0, 126.466, 22.7247, 18.0974, 3.68928, 10.3779, 20.1389, 8.78596, 34.1105, 8.54133
249, 2010, 9, 7, 0, 126.62, 22.7054, 17.9781, 4.64517, 10.1699, 19.8723, 8.68501, 34.024, 8.54021
250, 2010, 9, 8, 0, 126.933, 22.6754, 17.9055, 5.36485, 10.0151, 19.7727, 8.74815, 33.9138, 8.5375
251, 2010, 9, 9, 0, 127.003, 22.626, 17.8512, 5.78764, 9.87446, 19.7428, 8.77437, 33.8116, 8.535
252, 2010, 9, 10, 0, 131.767, 27.7259, 17.7153, 6.0179, 9.59402, 19.6767, 8.7681, 33.7248, 8.54418
253, 2010, 9, 11, 0, 130.569, 27.3578, 17.4535, 6.09817, 9.10899, 19.5862, 8.77089, 33.635, 8.5579
254, 2010, 9, 12, 0, 130.079, 27.0435, 17.4773, 6.0708, 9.08417, 19.4972, 8.78552, 33.5489, 8.57145
255, 2010, 9, 13, 0, 130.594, 27.769, 17.511, 5.98699, 9.07734, 19.4133, 8.80269, 33.4641, 8.56938
256, 2010, 9, 14, 0, 124.685, 22.0927, 17.5433, 5.89984, 9.07096, 19.3173, 8.82058, 33.378, 8.56278
257, 2010, 9, 15, 0, 126.584, 24.2368, 17.5743, 5.80119, 9.06487, 19.2158, 8.84355, 33.2925, 8.55538
258, 2010, 9, 16, 0, 129.386, 27.3058, 17.6038, 5.67314, 9.05888, 19.1195, 8.86865, 33.2072, 8.54863
259, 2010, 9, 17, 0, 129.174, 27.336, 17.6313, 5.56577, 9.05281, 19.0341, 8.88978, 33.1216, 8.543
260, 2010, 9, 18, 0, 120.532, 18.8446, 17.6572, 5.53941, 9.04656, 18.9638, 8.903, 33.0356, 8.5416
261, 2010, 9, 19, 0, 120.349, 18.7942, 17.6832, 5.52256, 9.04005, 18.9112, 8.90811, 32.949, 8.54028
262, 2010, 9, 20, 0, 120.012, 18.6877, 17.709, 5.41344, 9.03323, 18.8445, 8.90394, 32.8618, 8.55858
263, 2010, 9, 21, 0, 119.612, 18.5935, 17.7325, 5.28753, 9.02639, 18.6819, 8.90673, 32.7752, 8.60798
264, 2010, 9, 22, 0, 118.612, 18.2706, 17.7535, 5.22944, 9.02062, 17.8036, 8.96341, 32.6886, 8.88207
265, 2010, 9, 23, 0, 119.286, 18.7594, 17.774, 5.21473, 9.02101, 17.6749, 9.4656, 32.6215, 8.75475
266, 2010, 9, 24, 0, 120.396, 19.906, 17.7949, 5.24451, 9.02468, 17.4662, 9.70601, 32.566, 8.68763
267, 2010, 9, 25, 0, 121.839, 21.4691, 17.8166, 5.342, 9.02999, 17.1418, 9.87856, 32.5185, 8.64274
268, 2010, 9, 26, 0, 122.1, 21.6338, 17.8402, 5.55594, 9.03566, 16.923, 10.0137, 32.476, 8.62192
269, 2010, 9, 27, 0, 123.047, 22.1267, 17.8676, 5.9126, 9.04073, 16.9934, 10.0709, 32.4347, 8.60095
270, 2010, 9, 28, 0, 123.664, 22.2644, 17.9009, 6.33262, 9.04459, 17.1633, 9.98659, 32.3889, 8.58307
271, 2010, 9, 29, 0, 131.256, 22.0911, 25.3417, 6.68557, 9.0469, 17.3472, 9.83915, 32.3368, 8.56761
272, 2010, 9, 30, 0, 161.757, 21.6885, 56.0782, 6.89444, 9.04756, 17.5331, 9.67899, 32.2793, 8.55664
273, 2010, 10, 1, 0, 168.805, 28.1983, 56.6202, 6.95806, 9.04664, 17.6966, 9.52009, 32.2168, 8.54823
274, 2010, 10, 2, 0, 172.625, 26.9398, 59.8642, 6.91135, 9.04429, 17.8282, 11.3482, 32.1479, 8.54118
275, 2010, 10, 3, 0, 166.996, 22.6253, 59.2063, 6.78696, 9.04067, 17.9307, 10.7977, 32.0732, 8.53541
276, 2010, 10, 4, 0, 171.3, 28.2138, 58.2257, 6.64465, 9.03595, 18.0075, 10.6472, 31.9937, 8.53149
277, 2010, 10, 5, 0, 170.043, 28.3867, 56.9105, 6.52922, 9.03034, 18.0621, 10.6875, 31.9085, 8.52837
278, 2010, 10, 6, 0, 167.673, 27.2416, 55.794, 6.44494, 9.02405, 18.0865, 10.7356, 31.8175, 8.52847
279, 2010, 10, 7, 0, 173.579, 26.6838, 55.1807, 6.36811, 16.3138, 18.0943, 10.687, 31.7237, 8.52719
280, 2010, 10, 8, 0, 178.791, 26.3028, 54.5575, 6.27662, 22.7276, 18.0902, 10.6828, 31.6275, 8.52561
281, 2010, 10, 9, 0, 161.687, 25.9616, 50.537, 6.16711, 10.6004, 18.0741, 10.2931, 31.5294, 8.52419
282, 2010, 10, 10, 0, 156.046, 23.234, 49.3128, 6.04888, 9.36461, 18.0578, 10.0883, 31.4164, 8.52314
283, 2010, 10, 11, 0, 161.281, 21.2701, 48.554, 5.91552, 22.7503, 12.9589, 10.0182, 31.2858, 8.52802
284, 2010, 10, 12, 0, 156.982, 18.4885, 47.7, 5.7527, 21.4859, 13.8095, 9.98104, 31.179, 8.58499
285, 2010, 10, 13, 0, 147.696, 21.0481, 46.6879, 5.58347, 10.8591, 14.6272, 9.15805, 31.0797, 8.65228
286, 2010, 10, 14, 0, 146.137, 22.0895, 45.5826, 5.33042, 10.3004, 14.4304, 8.77911, 30.9825, 8.64233
287, 2010, 10, 15, 0, 144.538, 22.0594, 44.1385, 5.14455, 10.7915, 14.1058, 8.78439, 30.8904, 8.62309
288, 2010, 10, 16, 0, 143.334, 21.7631, 42.7709, 5.07382, 11.4352, 14.0029, 8.88292, 30.8025, 8.60243
289, 2010, 10, 17, 0, 146.796, 22.3317, 52.6079, 5.09641, 10.7612, 13.9552, 8.88582, 24.574, 8.58388
290, 2010, 10, 18, 0, 144.993, 21.5902, 52.4833, 5.16346, 11.0692, 13.9089, 8.83918, 24.5355, 7.40278
291, 2010, 10, 19, 0, 152.151, 21.5448, 47.9641, 5.23157, 23.2688, 13.8975, 8.77995, 24.4969, 6.96769
292, 2010, 10, 20, 0, 152.192, 21.4712, 48.5164, 5.27576, 22.9766, 13.9202, 8.70458, 24.457, 6.87042
293, 2010, 10, 21, 0, 154.536, 21.3694, 51.3847, 5.29142, 22.6538, 13.9572, 8.61449, 24.4154, 6.84967
294, 2010, 10, 22, 0, 153.608, 21.2416, 51.0262, 5.28592, 22.3243, 13.9967, 8.51945, 24.3712, 6.84247
295, 2010, 10, 23, 0, 152.607, 21.0976, 50.6195, 5.26811, 22.0041, 14.0323, 8.42532, 24.3228, 6.83769
296, 2010, 10, 24, 0, 147.895, 20.2477, 49.7285, 5.24727, 19.3023, 14.0354, 8.22323, 24.2726, 6.8377
297, 2010, 10, 25, 0, 140.579, 20.6379, 39.8365, 5.22646, 20.2921, 13.9903, 9.51657, 24.2226, 6.85651
298, 2010, 10, 26, 0.0879524, 138.996, 20.2166, 39.5401, 5.3887, 20.5846, 12.6006, 9.42697, 24.1711, 7.06696
299, 2010, 10, 27, 0.101771, 141.899, 20.2561, 39.8481, 5.68446, 21.396, 12.3855, 10.4312, 24.1261, 7.77184
300, 2010, 10, 28, 0.012881, 140.916, 22.0473, 40.6606, 6.4873, 13.8733, 12.3914, 13.5836, 24.1375, 7.73461
301, 2010, 10, 29, 0, 155.818, 25.2369, 44.5559, 6.99607, 16.5576, 12.4369, 18.1904, 24.1932, 7.65095
302, 2010, 10, 30, 0, 161.549, 27.7603, 46.0882, 7.46138, 16.7035, 12.5084, 19.3683, 24.2623, 7.39687
303, 2010, 10, 31, 0, 159.752, 23.9832, 47.7121, 8.23528, 16.2306, 12.5871, 19.0582, 24.3353, 7.60987
304, 2010, 11, 1, 0, 165.914, 26.5973, 50.7691, 8.81134, 16.4505, 12.6615, 18.8645, 24.4146, 7.34517
305, 2010, 11, 2, 0, 171.688, 27.2057, 55.1038, 9.49242, 19.7481, 12.7276, 16.8599, 23.1236, 7.42697
306, 2010, 11, 3, 0, 176.202, 28.1455, 57.2063, 10.0085, 21.3861, 12.794, 16.5152, 23.2007, 6.94588
307, 2010, 11, 4, 0, 171.859, 28.1467, 59.3, 10.5023, 14.7472, 12.8563, 15.9523, 23.2797, 7.07446
308, 2010, 11, 5, 0, 172.426, 23.8449, 60.3337, 10.8525, 17.42, 12.9303, 16.8516, 23.3741, 6.81829
309, 2010, 11, 6, 0, 175.942, 24.8134, 60.8399, 10.9893, 20.1363, 12.9979, 16.0146, 23.4706, 6.67998
310, 2010, 11, 7, 0, 179.179, 26.2658, 61.3212, 10.8794, 22.9041, 13.0535, 14.5931, 23.5593, 6.60282
311, 2010, 11, 8, 0, 178.443, 28.1434, 59.7147, 10.6788, 23.6847, 13.0927, 12.9317, 23.6461, 6.5514
312, 2010, 11, 9, 0.0879524, 180.409, 28.1382, 63.4417, 11.3551, 22.1775, 13.1146, 11.4691, 23.7452, 6.96712
313, 2010, 11, 10, 0.189037, 181.6, 28.1315, 61.2225, 12.0389, 22.5075, 13.1446, 13.4987, 23.8418, 7.21473
314, 2010, 11, 11, 0.0879524, 192.366, 28.1262, 68.5776, 12.707, 22.8565, 13.1946, 16.0283, 23.961, 6.91435
315, 2010, 11, 12, 0, 257.395, 28.1206, 70.8406, 13.2271, 23.3155, 13.2464, 16.2636, 85.3469, 7.03465
316, 2010, 11, 13, 0, 258.001, 28.1145, 73.0623, 13.2271, 14.2247, 13.3053, 17.0683, 84.0294, 14.9694
317, 2010, 11, 14, 0, 258.159, 28.1061, 73.3035, 13.2271, 15.1529, 13.3606, 15.9528, 84.0869, 14.9694
318, 2010, 11, 15, 0, 256.323, 28.0905, 72.977, 13.2271, 16.2687, 13.4175, 15.8407, 81.5325, 14.9694
319, 2010, 11, 16, 0, 249.151, 27.5163, 71.0975, 13.2271, 17.6633, 13.4666, 14.7831, 76.4274, 14.9694
320, 2010, 11, 17, 0, 258.197, 25.9807, 80.5314, 13.2271, 19.3429, 13.5126, 13.5102, 77.1232, 14.9694
321, 2010, 11, 18, 0, 261.259, 27.7991, 77.1996, 13.0713, 21.2897, 13.564, 13.9256, 79.4406, 14.9694
322, 2010, 11, 19, 0.104956, 265.293, 27.591, 74.8982, 12.8971, 22.7382, 13.6293, 14.7572, 83.8123, 14.9694
323, 2010, 11, 20, 0.205606, 263.461, 27.4554, 72.9295, 13.2271, 22.4401, 13.7058, 14.6829, 84.0507, 14.9694
324, 2010, 11, 21, 0.329261, 280.806, 26.5929, 76.4964, 13.2271, 22.078, 13.8219, 18.768, 94.8528, 14.9694
325, 2010, 11, 22, 6.88027, 317.226, 26.7767, 77.109, 13.2271, 21.6852, 49.6169, 19.6275, 94.2141, 14.9694
326, 2010, 11, 23, 76.6824, 324.463, 27.0704, 72.1899, 13.2271, 21.1751, 63.3636, 18.9511, 93.5162, 14.9694
327, 2010, 11, 24, 336.148, 323.725, 23.1148, 78.1746, 13.2271, 20.4085, 60.9265, 20.2193, 92.6844, 14.9694
328, 2010, 11, 25, 290.605, 312.897, 23.8753, 74.5857, 12.8096, 19.7446, 56.2291, 20.3062, 90.3773, 14.9694
329, 2010, 11, 26, 0.570148, 290.516, 24.9987, 70.3198, 12.0025, 17.4438, 50.7513, 20.3, 79.7303, 14.9694
330, 2010, 11, 27, 0.116881, 269.801, 26.6286, 65.7553, 11.2087, 16.6733, 42.5401, 20.2836, 71.7416, 14.9694
331, 2010, 11, 28, 0.265859, 248.761, 26.7166, 61.041, 10.6099, 14.5203, 35.8726, 20.2284, 64.803, 14.9694
332, 2010, 11, 29, 0.541264, 234.317, 26.5285, 57.7125, 10.6421, 13.2795, 30.5113, 20.1554, 60.518, 14.9694
333, 2010, 11, 30, 0.571923, 228.785, 26.2619, 56.0901, 11.102, 11.7969, 30.9846, 19.5505, 58.0295, 14.9694
334, 2010, 12, 1, 0.189037, 236.509, 26.0096, 56.8056, 11.7332, 11.1943, 37.1609, 20.1124, 58.5232, 14.9694
335, 2010, 12, 2, 0, 177.964, 25.7177, 44.4373, 12.4728, 5.76983, 33.0876, 19.8954, 21.6136, 14.9694
336, 2010, 12, 3, 0.225242, 164.812, 25.4305, 34.5595, 13.2271, 5.76606, 33.8276, 20.168, 20.7368, 11.0969
337, 2010, 12, 4, 0.420427, 173.449, 25.0882, 29.9411, 13.2271, 5.76522, 41.6982, 20.2157, 29.264, 8.24958
338, 2010, 12, 5, 0.329811, 194.905, 24.7002, 38.943, 13.2271, 5.76936, 48.3803, 20.2417, 34.0571, 9.58591
339, 2010, 12, 6, 0.23605, 222.779, 24.2739, 49.6467, 13.2271, 7.23292, 58.7517, 20.2868, 38.5819, 10.7778
340, 2010, 12, 7, 0.189037, 213.581, 17.2594, 49.9753, 13.2271, 7.97728, 57.1526, 20.3062, 35.659, 12.0239
341, 2010, 12, 8, 0.189037, 202.188, 16.1884, 49.0803, 13.2271, 7.75445, 52.719, 20.2905, 31.2418, 11.686
342, 2010, 12, 9, 0, 194.294, 15.8303, 45.2838, 13.2271, 7.97681, 53.6217, 20.2895, 27.3334, 10.7316
343, 2010, 12, 10, 0, 182.706, 16.246, 38.8888, 12.1677, 9.3535, 49.4928, 20.2998, 26.3925, 9.86547
344, 2010, 12, 11, 0.0879524, 176.418, 17.294, 33.1989, 10.9374, 10.9305, 46.5075, 20.3037, 26.6547, 10.5913
345, 2010, 12, 12, 0, 209.547, 20.3951, 30.1075, 11.3233, 10.7981, 59.2079, 20.2831, 46.421, 11.0113
346, 2010, 12, 13, 0, 265.469, 23.7834, 32.224, 12.5468, 11.8176, 78.7652, 20.2212, 71.7482, 14.3621
347, 2010, 12, 14, 0, 277.937, 24.2396, 36.4652, 13.2271, 17.4857, 78.5225, 20.169, 72.8586, 14.9694
348, 2010, 12, 15, 0.1036, 299.722, 24.3109, 44.5828, 13.2271, 17.5734, 78.8216, 20.1575, 86.0793, 14.9694
349, 2010, 12, 16, 0.455226, 311.96, 24.3714, 55.0677, 13.2271, 17.8689, 78.9037, 20.2959, 87.2558, 14.9694
350, 2010, 12, 17, 0.515526, 326.558, 24.4745, 67.4429, 13.2271, 18.3008, 78.9756, 20.4302, 88.7372, 14.9694
351, 2010, 12, 18, 0.578167, 333.771, 24.5304, 73.0532, 13.2271, 18.3955, 78.8869, 20.4899, 90.2182, 14.9694
352, 2010, 12, 19, 0.461414, 334.266, 24.4842, 73.6203, 13.2271, 18.0723, 78.1463, 20.4818, 91.2646, 14.9694
353, 2010, 12, 20, 0.462383, 333.343, 24.3918, 73.806, 13.2271, 17.659, 77.2592, 20.4448, 91.5854, 14.9694
354, 2010, 12, 21, 0.282205, 329.577, 24.2891, 73.5634, 13.2271, 17.3119, 74.5366, 20.3428, 91.3364, 14.9694
355, 2010, 12, 22, 0.201251, 303.855, 24.2155, 73.0011, 13.2271, 11.7456, 55.9959, 20.1528, 90.548, 14.9694
356, 2010, 12, 23, 0.105956, 287.623, 21.2838, 71.1745, 13.2271, 10.9445, 46.3403, 20.0956, 89.5875, 14.9694
357, 2010, 12, 24, 0.191393, 273.792, 22.0312, 62.5476, 13.2271, 12.092, 40.2262, 20.2313, 88.467, 14.9694
358, 2010, 12, 25, 0.101771, 261.347, 19.7933, 53.914, 13.2271, 9.93472, 42.0617, 20.2919, 87.1553, 14.9694
359, 2010, 12, 26, 0, 229.025, 17.7125, 45.7953, 13.2271, 8.78051, 38.2522, 20.2741, 70.0137, 14.9694
360, 2010, 12, 27, 0.361521, 171.433, 15.8126, 38.7461, 12.0621, 8.02305, 37.7347, 20.2369, 23.8485, 14.9694
361, 2010, 12, 28, 0.101771, 156.472, 14.3534, 32.9458, 10.9717, 7.64306, 35.7411, 20.2063, 22.0946, 12.5157
362, 2010, 12, 29, 0.1036, 151.089, 13.9355, 30.0683, 10.4786, 9.12654, 35.0422, 20.1992, 23.665, 8.57382
363, 2010, 12, 30, 4.48436, 157.617, 14.5332, 28.6864, 9.93683, 12.0093, 35.9913, 20.1976, 28.0956, 8.16691
364, 2010, 12, 31, 167.955, 171.473, 15.3856, 27.6342, 11.7114, 12.9286, 39.4305, 20.2146, 34.3285, 9.83919
